Model,Question,Time
Gemini 1.5 Flash,Question 1,1.555983066558838
Gemini 1.5 Flash,Question 2,1.181424856185913
Gemini 1.5 Flash,Question 3,1.1712031364440918
Meta Llama 3 8B,Question 1,0.5979678630828857
Meta Llama 3 8B,Question 2,0.08266711235046387
Meta Llama 3 8B,Question 3,0.05645275115966797
Mixtral-8x7B Instruct,Question 1,0.07774686813354492
Mixtral-8x7B Instruct,Question 2,0.06694912910461426
Mixtral-8x7B Instruct,Question 3,0.06020498275756836
