Model,Question,Time
Gemini 1.5 Flash,Question 1,1.7901990413665771
Gemini 1.5 Flash,Question 2,1.226254940032959
Gemini 1.5 Flash,Question 3,1.230375051498413
Mistral 8x22b,Question 1,2.5323588848114014
Mistral 8x22b,Question 2,1.34185791015625
Mistral 8x22b,Question 3,2.364314079284668
Gemma 1.1 7b,Question 1,1.72951078414917
Gemma 1.1 7b,Question 2,1.6406090259552002
Gemma 1.1 7b,Question 3,2.0477418899536133
