Model,Question,Time
Gemini 1.5 Flash,Question 1,1.3370881080627441
Gemini 1.5 Flash,Question 2,1.1281359195709229
Gemini 1.5 Flash,Question 3,1.0210943222045898
Meta Llama 3 8B,Question 1,0.6318330764770508
Meta Llama 3 8B,Question 2,0.08657503128051758
Meta Llama 3 8B,Question 3,0.12785887718200684
